/*
SQLyog Ultimate v10.00 Beta1
MySQL - 5.7.22-0ubuntu0.16.04.1 : Database - voting
*********************************************************************
*/

/*!40101 SET NAMES utf8 */;

/*!40101 SET SQL_MODE=''*/;

/*!40014 SET @OLD_UNIQUE_CHECKS=@@UNIQUE_CHECKS, UNIQUE_CHECKS=0 */;
/*!40014 SET @OLD_FOREIGN_KEY_CHECKS=@@FOREIGN_KEY_CHECKS, FOREIGN_KEY_CHECKS=0 */;
/*!40101 SET @OLD_SQL_MODE=@@SQL_MODE, SQL_MODE='NO_AUTO_VALUE_ON_ZERO' */;
/*!40111 SET @OLD_SQL_NOTES=@@SQL_NOTES, SQL_NOTES=0 */;
/*Table structure for table `activations` */

CREATE TABLE `activations` (
  `id` int(10) unsigned NOT NULL AUTO_INCREMENT,
  `user_id` int(10) unsigned NOT NULL,
  `code` varchar(255) COLLATE utf8_unicode_ci NOT NULL,
  `completed` tinyint(1) NOT NULL DEFAULT '0',
  `completed_at` timestamp NULL DEFAULT NULL,
  `created_at` timestamp NULL DEFAULT NULL,
  `updated_at` timestamp NULL DEFAULT NULL,
  PRIMARY KEY (`id`)
) ENGINE=InnoDB AUTO_INCREMENT=2 DEFAULT CHARSET=utf8 COLLATE=utf8_unicode_ci;

/*Data for the table `activations` */

insert  into `activations`(`id`,`user_id`,`code`,`completed`,`completed_at`,`created_at`,`updated_at`) values (1,1,'biMGa3BOYknfmTkeYVCp03m6Sj6XBWht',1,'2017-02-24 14:52:55','2017-02-24 14:52:55','2017-02-24 14:52:55');

/*Table structure for table `candidates` */

CREATE TABLE `candidates` (
  `id` int(11) NOT NULL AUTO_INCREMENT,
  `position_id` int(11) NOT NULL,
  `person_id` int(11) NOT NULL,
  `total_votes` double DEFAULT NULL,
  `status` varchar(255) DEFAULT NULL,
  `created_at` timestamp NULL DEFAULT CURRENT_TIMESTAMP ON UPDATE CURRENT_TIMESTAMP,
  `updated_at` timestamp NULL DEFAULT '0000-00-00 00:00:00',
  PRIMARY KEY (`id`)
) ENGINE=InnoDB AUTO_INCREMENT=17 DEFAULT CHARSET=latin1;

/*Data for the table `candidates` */

insert  into `candidates`(`id`,`position_id`,`person_id`,`total_votes`,`status`,`created_at`,`updated_at`) values (1,6,1,0,'Lose','2017-03-06 16:32:41','2017-03-06 16:32:41'),(2,6,2,2,'Win','2017-03-06 16:32:41','2017-03-06 16:32:41'),(8,7,5,1,'Win','2017-03-06 16:32:41','2017-03-06 16:32:41'),(9,7,4,2,'Win','2017-03-06 16:32:41','2017-03-06 16:32:41'),(10,7,3,1,'Win','2017-03-06 16:32:41','2017-03-06 16:32:41'),(13,5,6,1,'Win','2017-03-06 16:32:41','2017-03-06 16:32:41'),(14,5,9,1,'Lose','2017-03-06 16:32:41','2017-03-06 16:32:41'),(15,8,10,0,'Lose','2017-03-06 16:32:41','2017-03-06 16:32:41'),(16,8,11,2,'Win','2017-03-06 16:32:41','2017-03-06 16:32:41');

/*Table structure for table `migrations` */

CREATE TABLE `migrations` (
  `id` int(10) unsigned NOT NULL AUTO_INCREMENT,
  `migration` varchar(255) COLLATE utf8_unicode_ci NOT NULL,
  `batch` int(11) NOT NULL,
  PRIMARY KEY (`id`)
) ENGINE=InnoDB AUTO_INCREMENT=2 DEFAULT CHARSET=utf8 COLLATE=utf8_unicode_ci;

/*Data for the table `migrations` */

insert  into `migrations`(`id`,`migration`,`batch`) values (1,'2014_07_02_230147_migration_cartalyst_sentinel',1);

/*Table structure for table `persistences` */

CREATE TABLE `persistences` (
  `id` int(10) unsigned NOT NULL AUTO_INCREMENT,
  `user_id` int(10) unsigned NOT NULL,
  `code` varchar(255) COLLATE utf8_unicode_ci NOT NULL,
  `created_at` timestamp NULL DEFAULT NULL,
  `updated_at` timestamp NULL DEFAULT NULL,
  PRIMARY KEY (`id`),
  UNIQUE KEY `persistences_code_unique` (`code`)
) ENGINE=InnoDB DEFAULT CHARSET=utf8 COLLATE=utf8_unicode_ci;

/*Data for the table `persistences` */

/*Table structure for table `persons` */

CREATE TABLE `persons` (
  `id` int(11) NOT NULL AUTO_INCREMENT,
  `firstname` varchar(255) NOT NULL,
  `middlename` varchar(255) DEFAULT NULL,
  `lastname` varchar(255) NOT NULL,
  `address` longtext,
  `mobile_number` varchar(255) DEFAULT NULL,
  `photo` varchar(255) DEFAULT NULL,
  `created_at` timestamp NULL DEFAULT NULL,
  `updated_at` timestamp NULL DEFAULT NULL,
  PRIMARY KEY (`id`)
) ENGINE=InnoDB AUTO_INCREMENT=12 DEFAULT CHARSET=latin1;

/*Data for the table `persons` */

insert  into `persons`(`id`,`firstname`,`middlename`,`lastname`,`address`,`mobile_number`,`photo`,`created_at`,`updated_at`) values (1,'Bizwex','Jerson','Ramos',NULL,NULL,'user.jpg',NULL,NULL),(2,'Bizwex','Edmart','Abon',NULL,NULL,'user.jpg',NULL,NULL),(3,'Bizwex','Kenneth','Llamasares',NULL,NULL,'user.jpg',NULL,NULL),(4,'Bizwex','Angelo','Madara',NULL,NULL,'user.jpg',NULL,NULL),(5,'Bizwex','Patricia','Ramos',NULL,NULL,'user.jpg',NULL,NULL),(6,'Bizwex','Jayson','Valeroso',NULL,NULL,'user.jpg',NULL,NULL),(9,'Sample','Sample','Sample','dsadsa','321-3213-213','no-image.jpg','2017-02-28 15:43:56','2017-02-28 15:43:56'),(10,'dsa','dsad','dsadsa','sadsad','321-3132-132','no-image.jpg','2017-02-28 15:44:36','2017-02-28 15:44:36'),(11,'Bizwex','Jaycee','Escobero','dsadasda','914-9494-949','no-image.jpg','2017-03-01 18:35:54','2017-03-01 18:35:54');

/*Table structure for table `positions` */

CREATE TABLE `positions` (
  `id` int(11) NOT NULL AUTO_INCREMENT,
  `title` varchar(255) NOT NULL,
  `elected_count` int(11) NOT NULL,
  `created_at` timestamp NOT NULL DEFAULT CURRENT_TIMESTAMP ON UPDATE CURRENT_TIMESTAMP,
  `updated_at` timestamp NOT NULL DEFAULT '0000-00-00 00:00:00',
  PRIMARY KEY (`id`)
) ENGINE=InnoDB AUTO_INCREMENT=9 DEFAULT CHARSET=latin1;

/*Data for the table `positions` */

insert  into `positions`(`id`,`title`,`elected_count`,`created_at`,`updated_at`) values (5,'President',1,'2017-02-28 13:10:51','2017-02-28 13:10:51'),(6,'Vice President',1,'2017-02-28 14:10:27','2017-02-28 14:10:27'),(7,'Senator',5,'2017-02-28 14:16:00','2017-02-28 14:16:00'),(8,'Mayor',1,'2017-03-01 18:35:27','2017-03-01 18:35:27');

/*Table structure for table `reminders` */

CREATE TABLE `reminders` (
  `id` int(10) unsigned NOT NULL AUTO_INCREMENT,
  `user_id` int(10) unsigned NOT NULL,
  `code` varchar(255) COLLATE utf8_unicode_ci NOT NULL,
  `completed` tinyint(1) NOT NULL DEFAULT '0',
  `completed_at` timestamp NULL DEFAULT NULL,
  `created_at` timestamp NULL DEFAULT NULL,
  `updated_at` timestamp NULL DEFAULT NULL,
  PRIMARY KEY (`id`)
) ENGINE=InnoDB DEFAULT CHARSET=utf8 COLLATE=utf8_unicode_ci;

/*Data for the table `reminders` */

/*Table structure for table `role_users` */

CREATE TABLE `role_users` (
  `user_id` int(10) unsigned NOT NULL,
  `role_id` int(10) unsigned NOT NULL,
  `created_at` timestamp NULL DEFAULT NULL,
  `updated_at` timestamp NULL DEFAULT NULL,
  PRIMARY KEY (`user_id`,`role_id`)
) ENGINE=InnoDB DEFAULT CHARSET=utf8 COLLATE=utf8_unicode_ci;

/*Data for the table `role_users` */

insert  into `role_users`(`user_id`,`role_id`,`created_at`,`updated_at`) values (1,2,'2017-02-24 14:52:55','2017-02-24 14:52:55');

/*Table structure for table `roles` */

CREATE TABLE `roles` (
  `id` int(10) unsigned NOT NULL AUTO_INCREMENT,
  `slug` varchar(255) COLLATE utf8_unicode_ci NOT NULL,
  `name` varchar(255) COLLATE utf8_unicode_ci NOT NULL,
  `permissions` text COLLATE utf8_unicode_ci,
  `created_at` timestamp NULL DEFAULT NULL,
  `updated_at` timestamp NULL DEFAULT NULL,
  PRIMARY KEY (`id`),
  UNIQUE KEY `roles_slug_unique` (`slug`)
) ENGINE=InnoDB AUTO_INCREMENT=5 DEFAULT CHARSET=utf8 COLLATE=utf8_unicode_ci;

/*Data for the table `roles` */

insert  into `roles`(`id`,`slug`,`name`,`permissions`,`created_at`,`updated_at`) values (1,'admin','Administrator',NULL,'2017-02-24 14:48:01','2017-02-24 14:48:01'),(2,'sysadmin','System Administrator',NULL,'2017-02-24 14:48:01','2017-02-24 14:48:01'),(3,'checker','Checker',NULL,'2017-02-24 14:48:01','2017-02-24 14:48:01'),(4,'officer','Officer',NULL,'2017-02-24 14:48:01','2017-02-24 14:48:01');

/*Table structure for table `switch` */

CREATE TABLE `switch` (
  `id` int(11) NOT NULL AUTO_INCREMENT,
  `voting` tinyint(1) NOT NULL DEFAULT '0',
  `started_at` datetime DEFAULT '0000-00-00 00:00:00',
  `ended_at` datetime DEFAULT '0000-00-00 00:00:00',
  `has_registration` tinyint(1) DEFAULT '0',
  `has_voting_login` tinyint(1) DEFAULT '0',
  `show_result` tinyint(1) DEFAULT '0',
  `created_at` timestamp NULL DEFAULT NULL,
  `updated_at` timestamp NULL DEFAULT NULL,
  PRIMARY KEY (`id`)
) ENGINE=InnoDB AUTO_INCREMENT=2 DEFAULT CHARSET=latin1;

/*Data for the table `switch` */

insert  into `switch`(`id`,`voting`,`started_at`,`ended_at`,`has_registration`,`has_voting_login`,`show_result`,`created_at`,`updated_at`) values (1,0,'2017-03-03 02:24:45','0000-00-00 00:00:00',0,0,1,NULL,'2017-03-03 18:21:05');

/*Table structure for table `throttle` */

CREATE TABLE `throttle` (
  `id` int(10) unsigned NOT NULL AUTO_INCREMENT,
  `user_id` int(10) unsigned DEFAULT NULL,
  `type` varchar(255) COLLATE utf8_unicode_ci NOT NULL,
  `ip` varchar(255) COLLATE utf8_unicode_ci DEFAULT NULL,
  `created_at` timestamp NULL DEFAULT NULL,
  `updated_at` timestamp NULL DEFAULT NULL,
  PRIMARY KEY (`id`),
  KEY `throttle_user_id_index` (`user_id`)
) ENGINE=InnoDB DEFAULT CHARSET=utf8 COLLATE=utf8_unicode_ci;

/*Data for the table `throttle` */

/*Table structure for table `users` */

CREATE TABLE `users` (
  `id` int(10) unsigned NOT NULL AUTO_INCREMENT,
  `username` varchar(255) COLLATE utf8_unicode_ci NOT NULL,
  `email` varchar(255) COLLATE utf8_unicode_ci DEFAULT NULL,
  `password` varchar(255) COLLATE utf8_unicode_ci NOT NULL,
  `permissions` text COLLATE utf8_unicode_ci,
  `last_login` timestamp NULL DEFAULT NULL,
  `first_name` varchar(255) COLLATE utf8_unicode_ci DEFAULT NULL,
  `last_name` varchar(255) COLLATE utf8_unicode_ci DEFAULT NULL,
  `created_at` timestamp NULL DEFAULT NULL,
  `updated_at` timestamp NULL DEFAULT NULL,
  PRIMARY KEY (`id`),
  UNIQUE KEY `users_username_unique` (`username`)
) ENGINE=InnoDB AUTO_INCREMENT=2 DEFAULT CHARSET=utf8 COLLATE=utf8_unicode_ci;

/*Data for the table `users` */

insert  into `users`(`id`,`username`,`email`,`password`,`permissions`,`last_login`,`first_name`,`last_name`,`created_at`,`updated_at`) values (1,'admin',NULL,'$2y$10$gFHxVMoiqiotUX9w2jzMOOIwCJB1gee4YxVsECgKaa8fWSgEzZdya',NULL,NULL,NULL,NULL,'2017-02-24 14:52:55','2017-02-24 14:52:55');

/*Table structure for table `voters` */

CREATE TABLE `voters` (
  `id` int(11) NOT NULL AUTO_INCREMENT,
  `voter_code` varchar(255) NOT NULL,
  `firstname` varchar(255) DEFAULT NULL,
  `middlename` varchar(255) DEFAULT NULL,
  `lastname` varchar(255) DEFAULT NULL,
  `status` varchar(255) NOT NULL DEFAULT 'pending' COMMENT 'pending, voting, voted',
  `created_at` timestamp NOT NULL DEFAULT CURRENT_TIMESTAMP ON UPDATE CURRENT_TIMESTAMP,
  `updated_at` timestamp NOT NULL DEFAULT '0000-00-00 00:00:00',
  PRIMARY KEY (`id`)
) ENGINE=InnoDB AUTO_INCREMENT=3 DEFAULT CHARSET=latin1;

/*Data for the table `voters` */

insert  into `voters`(`id`,`voter_code`,`firstname`,`middlename`,`lastname`,`status`,`created_at`,`updated_at`) values (1,'BA0879',NULL,NULL,NULL,'voting','2020-02-19 18:46:20','2020-02-19 18:46:20'),(2,'C1A4D4',NULL,NULL,NULL,'voting','2020-02-19 19:02:18','2020-02-19 19:02:18');

/*Table structure for table `votes` */

CREATE TABLE `votes` (
  `id` int(11) NOT NULL AUTO_INCREMENT,
  `voter_code` varchar(255) NOT NULL,
  `person_id` int(11) NOT NULL,
  `position_id` int(11) NOT NULL,
  `created_at` timestamp NOT NULL DEFAULT CURRENT_TIMESTAMP ON UPDATE CURRENT_TIMESTAMP,
  `updated_at` timestamp NOT NULL DEFAULT '0000-00-00 00:00:00',
  PRIMARY KEY (`id`)
) ENGINE=InnoDB DEFAULT CHARSET=latin1;

/*Data for the table `votes` */

/*!40101 SET SQL_MODE=@OLD_SQL_MODE */;
/*!40014 SET FOREIGN_KEY_CHECKS=@OLD_FOREIGN_KEY_CHECKS */;
/*!40014 SET UNIQUE_CHECKS=@OLD_UNIQUE_CHECKS */;
/*!40111 SET SQL_NOTES=@OLD_SQL_NOTES */;
